=~=~=~=~=~=~=~=~=~=~=~= PuTTY log 2021.06.08 18:09:24 =~=~=~=~=~=~=~=~=~=~=~=,,,,,,,,,,,,,,,,,,,,
Time(s), VbatVal(mV), VbatHigh(mV), VbatLow(mV), VShunt(mV), VShuntGND(mV), VRef(mV), Gain, ShuntG,  Battery Temp 0, Battery Temp 1, Battery Temp 2, Battery Temp 3, Battery Temp 4, Battery Temp 5, Resistor Temp 0, Resistor Temp 1, Resistor Temp 2, Resistor Temp 3, Resistor Temp 4,
0.546875,9143.837891,64.237923,64.237923,-1.392982,9.00081,48.700809,18.664988,1.2,0,0,26.57,0,38.2,0.1,0,0,0,0,0, 
1.117188,9143.837891,64.237923,64.237923,-1.392982,9.00081,48.700809,18.664988,1.2,36.71,0.1,26.57,26.85,38.2,0.1,25.61,25.6,26.16,26.25,25.72,
2.226562,9223.044922,64.237923,64.237923,13.608367,9.00081,48.700809,18.664988,1.2,36.71,0.1,26.33,26.57,37.94,0.1,25.58,25.58,26.12,26.24,25.52, 
2.804688,9212.490234,64.151352,64.151352,13.590028,8.988679,48.688679,18.690176,1.2,36.83,0.1,26.33,26.57,37.94,0.1,25.47,25.46,26.2,26.12,25.55,
3.382812,9220.290039,64.151352,64.151352,13.643532,8.935175,48.635178,18.690176,1.2,36.83,0.1,26.33,26.57,37.94,0.1,25.49,25.48,26.2,26.12,25.56, 
3.960938,9223.044922,64.237923,64.237923,13.608367,9.00081,48.700809,18.664988,1.2,36.86,0.1,26.36,26.57,37.98,0.1,25.51,25.48,26.22,26.14,25.59, 
4.539062,9223.044922,64.237923,64.237923,13.608367,9.00081,48.700809,18.664988,1.2,36.86,0.1,26.36,26.57,37.98,0.1,25.51,25.48,26.22,26.16,25.59,
5.117188,9223.044922,64.237923,64.237923,13.608367,9.00081,48.700809,18.664988,1.2,36.89,0.1,26.38,26.6,37.98,0.1,25.51,25.51,26.22,26.16,25.62,
5.695312,9223.044922,64.237923,64.237923,13.608367,9.00081,48.700809,18.664988,1.2,36.89,0.1,26.38,26.6,37.98,0.1,25.51,25.51,26.24,26.21,25.64, 
6.265625,9222.762695,64.237923,64.237923,13.554791,9.00081,48.700809,18.664988,1.2,36.92,0.1,26.38,26.62,38.1,0.1,25.53,25.51,26.25,26.24,25.64, 
6.84375,9222.762695,64.237923,64.237923,13.554791,9.00081,48.700809,18.664988,1.2,36.92,0.1,26.43,26.67,38.1,0.1,25.51,25.51,26.28,26.24,25.68, 
7.421875,9223.044922,64.237923,64.237923,13.608367,9.00081,48.700809,18.664988,1.2,36.95,0.1,26.45,26.67,38.4,0.1,25.51,25.51,26.3,26.3,25.7, 
8,9223.044922,64.237923,64.237923,13.608367,9.00081,48.700809,18.664988,1.2,36.99,0.1,26.48,26.71,38.7,0.1,25.51,25.56,26.34,26.35,25.72, 
8.578125,9223.044922,64.237923,64.237923,13.608367,9.00081,48.700809,18.664988,1.2,36.99,0.1,26.49,26.76,38.1,0.1,25.52,25.56,26.36,26.37,25.77, 
9.15625,9223.044922,64.237923,64.237923,13.608367,9.00081,48.700809,18.664988,1.2,37.1,0.1,26.54,26.76,38.14,0.1,25.52,25.56,26.4,26.44,25.79, 
9.75,3624.036133,24.85989,11.427967,15.110915,9.532332,49.232334,18.463476,1.2,37.4,0.1,27.12,26.81,38.56,0.1,25.54,25.6,26.44,26.48,26.13, 
10.320312,3614.312744,24.927908,11.513544,15.04364,9.667032,49.367035,18.413097,1.2,37.23,0.1,27.15,27.47,38.56,0.1,25.66,25.78,26.79,27.4,26.13, 
10.898438,3611.275146,24.839617,11.389344,15.023087,9.59959,49.299587,18.438288,1.2,37.23,0.1,27.17,27.5,38.59,0.1,25.66,25.78,26.79,27.4,26.13, 
11.46875,3614.025879,24.927908,11.513544,14.98933,9.667032,49.367035,18.413097,1.2,37.2,0.1,27.17,27.52,38.59,0.1,25.66,25.76,26.79,27.4,26.13, 
12.039062,3614.025879,24.927908,11.404925,14.98933,9.667032,49.367035,18.413097,1.2,37.2,0.1,27.2,27.55,38.62,0.1,25.66,25.79,26.79,27.6,26.13,
12.617188,3613.452393,24.927908,11.404925,14.880713,9.667032,49.367035,18.413097,1.2,37.17,0.1,27.22,27.57,38.62,0.1,25.69,25.79,26.79,27.6,26.13,
13.1875,3613.165771,24.927908,11.404925,14.826403,9.667032,49.367035,18.413097,1.2,37.17,0.1,27.25,27.6,38.62,0.1,25.69,25.79,26.79,27.6,26.13, 
13.757812,3613.165771,24.927908,11.404925,14.826403,9.667032,49.367035,18.413097,1.2,37.17,0.1,27.27,27.6,38.65,0.1,25.69,25.81,26.79,27.6,26.13, 
14.335938,3600.928955,24.907671,11.420548,14.846714,9.734657,49.434658,18.387909,1.2,37.14,0.1,27.27,27.65,38.65,0.1,25.71,25.81,26.79,27.6,26.18, 
14.90625,3600.641846,24.907671,11.420548,14.79233,9.734657,49.434658,18.387909,1.2,37.14,0.1,27.31,27.65,38.68,0.1,25.71,25.81,26.8,27.9,26.19, 
15.476562,3601.9375,24.893852,11.389344,14.697677,9.70806,49.408058,18.438288,1.2,37.1,0.1,27.33,27.7,38.72,0.1,25.74,25.81,26.8,27.11,26.19, 
16.054688,3605.985352,24.962055,11.420548,14.357262,9.734657,49.434658,18.387909,1.2,37.1,0.1,27.38,27.75,38.72,0.1,25.74,25.81,26.85,27.14,26.21, 
16.625,3594.296875,24.941837,11.436213,14.48587,9.802469,49.502468,18.36272,1.2,37.8,0.1,27.4,27.75,38.75,0.1,25.74,25.81,26.87,27.17,26.24, 
17.203125,3598.344727,24.907671,11.420548,14.357262,9.734657,49.434658,18.387909,1.2,37.8,0.1,27.45,27.8,38.79,0.1,25.77,25.84,26.89,27.22,26.26, 
17.773438,3598.057617,24.907671,11.420548,14.302877,9.734657,49.434658,18.387909,1.2,37.4,0.1,27.5,27.84,38.82,0.1,25.79,25.86,26.9,27.25,26.31, 
18.351562,3593.721924,24.941837,11.436213,14.376955,9.802469,49.502468,18.36272,1.2,37.1,0.1,27.51,27.88,38.85,0.1,25.82,25.86,26.92,27.31,26.32, 
18.921875,3605.698242,24.962055,11.420548,14.302877,9.734657,49.434658,18.387909,1.2,37.1,0.1,27.56,27.93,38.88,0.1,25.82,25.86,26.99,27.34,26.34, 
19.5,3598.631836,24.907671,11.420548,14.411644,9.734657,49.434658,18.387909,1.2,37.1,0.1,27.61,27.97,38.91,0.1,25.82,25.9,27,27.39,26.36, 
20.070312,3601.085205,24.996296,11.436213,14.322496,9.802469,49.502468,18.36272,1.2,37.1,0.1,27.66,28.2,38.95,0.1,25.86,25.9,27.4,27.45,26.38, 
20.648438,3594.296875,24.941837,11.436213,14.48587,9.802469,49.502468,18.36272,1.2,37.1,0.1,27.71,28.12,38.98,0.1,25.86,25.92,27.9,27.49,26.43, 
21.21875,3601.6604,24.996296,11.490672,14.431412,9.802469,49.502468,18.36272,1.2,37.1,0.1,27.77,28.17,39.5,0.1,25.86,25.95,27.12,27.55,26.44, 
21.796875,3601.6604,24.996296,11.436213,14.431412,9.802469,49.502468,18.36272,1.2,37.1,0.1,27.82,28.22,39.8,0.1,25.88,25.95,27.17,27.61,26.46, 
22.367188,3601.6604,24.996296,11.436213,14.431412,9.802469,49.502468,18.36272,1.2,37.4,0.1,27.89,28.3,39.14,0.1,25.91,25.95,27.2,27.64,26.48, 
22.945312,3597.035889,25.030632,11.451922,14.451236,9.870467,49.570465,18.337532,1.2,37.8,0.1,27.94,28.37,39.17,0.1,25.91,26,27.22,27.69,26.5, 
23.523438,3584.438232,25.010454,11.467676,14.416508,9.938652,49.638653,18.312342,1.2,37.8,0.1,28,28.45,39.21,0.1,25.93,26,27.24,27.76,26.52, 
24.09375,3601.6604,24.996296,11.545131,14.431412,9.802469,49.502468,18.36272,1.2,37.1,0.1,28.5,28.52,39.27,0.1,25.93,26,27.27,27.79,26.53, 
24.671875,3588.798584,24.976099,11.451922,14.34217,9.870467,49.570465,18.337532,1.2,37.1,0.1,28.1,28.65,39.31,0.1,25.93,26.2,27.32,27.82,26.55, 
25.242188,3589.086426,24.976099,11.506455,14.396703,9.870467,49.570465,18.337532,1.2,37.14,0.1,28.2,28.75,39.35,0.1,25.95,26.4,27.34,27.85,26.57, 
25.820312,3597.035889,25.030632,11.451922,14.451236,9.870467,49.570465,18.337532,1.2,37.14,0.1,28.25,28.8,39.41,0.1,25.95,26.4,27.36,27.89,26.57, 
26.390625,3589.08667,25.030632,11.451922,14.396704,9.924999,49.625,18.337532,1.2,37.14,0.1,28.31,28.9,39.44,0.1,25.95,26.7,27.38,27.89,26.56, 
26.960938,3592.110352,25.065063,11.467676,14.416508,9.938652,49.638653,18.312342,1.2,37.14,0.1,28.38,28.95,39.47,0.1,25.97,26.7,27.39,27.93,26.56, 
27.539062,3584.149902,25.010454,11.467676,14.361898,9.938652,49.638653,18.312342,1.2,37.14,0.1,28.46,29.5,39.54,0.1,25.97,26.7,27.41,27.96,26.58, 
28.109375,3593.146729,24.941837,11.436213,14.268038,9.802469,49.502468,18.36272,1.2,37.14,0.1,28.53,29.1,39.58,0.1,25.99,26.7,27.43,27.97,26.55, 
28.6875,3584.149902,25.010454,11.467676,14.361898,9.938652,49.638653,18.312342,1.2,37.14,0.1,28.58,29.15,39.61,0.1,25.99,26.6,27.44,28,26.55, 
29.257812,3589.086426,24.976099,11.451922,14.396703,9.870467,49.570465,18.337532,1.2,37.14,0.1,28.63,29.25,39.68,0.1,25.99,26.6,27.43,28.2,26.52, 
29.828125,3591.822021,25.065063,11.467676,14.361898,9.938652,49.638653,18.312342,1.2,37.14,0.1,28.69,29.3,39.71,0.1,26.1,26.4,27.45,28.3,26.54, 
30.40625,3584.438232,25.010454,11.467676,14.416508,9.938652,49.638653,18.312342,1.2,37.1,0.1,28.79,29.38,39.78,0.1,26.1,26.1,27.45,28.4,26.51, 
30.976562,3596.459961,25.030632,11.451922,14.34217,9.870467,49.570465,18.337532,1.2,37.8,0.1,28.84,29.38,39.82,0.1,26.1,26.1,27.44,28.8,26.48, 
31.554688,3592.110352,25.065063,11.467676,14.416508,9.938652,49.638653,18.312342,1.2,37.8,0.1,28.91,29.49,39.89,0.1,25.99,25.96,27.46,28.6,26.43, 
32.125,3590.957031,25.065063,11.467676,14.198076,9.938652,49.638653,18.312342,1.2,37.4,0.1,28.96,29.54,39.92,0.1,25.94,25.91,27.43,28.7,26.39, 
32.695312,3583.861572,25.010454,11.467676,14.307291,9.938652,49.638653,18.312342,1.2,37.4,0.1,29.1,29.59,39.99,0.1,25.92,25.83,27.42,28.7,26.36, 
33.273438,3588.510742,25.030632,11.451922,14.287638,9.924999,49.625,18.337532,1.2,37.1,0.1,29.4,29.69,40.3,0.1,25.87,25.8,27.42,28.8,26.34, 
33.84375,3585.727295,25.099586,11.483471,14.108265,10.007025,49.707027,18.287153,1.2,37.1,0.1,29.9,29.74,40.6,0.1,25.83,25.77,27.39,28.7,26.31, 
34.421875,3585.438477,25.099586,11.483471,14.053581,10.007025,49.707027,18.287153,1.2,37.1,0.1,29.14,29.81,40.13,0.1,25.81,25.76,27.38,28.5,26.28, 
34.992188,3578.622314,25.044905,11.483471,14.217632,10.007025,49.707027,18.287153,1.2,37.1,0.1,29.21,29.89,40.17,0.1,25.78,25.73,27.35,28.8,26.28, 
35.5625,3578.33374,25.044905,11.483471,14.162949,10.007025,49.707027,18.287153,1.2,37.1,0.1,29.26,29.94,40.21,0.1,25.73,25.73,27.35,28.6,26.25, 
36.140625,3587.646729,24.976099,11.451922,14.124038,9.870467,49.570465,18.337532,1.2,37.1,0.1,29.27,30.1,40.24,0.1,25.7,25.7,27.36,28.9,26.24, 
36.710938,3578.622314,25.044905,11.483471,14.217632,10.007025,49.707027,18.287153,1.2,37.1,0.1,29.34,30.1,40.31,0.1,25.67,25.73,27.38,28.11,26.26, 
37.289062,3592.110352,25.065063,11.467676,14.416508,9.938652,49.638653,18.312342,1.2,36.99,0.1,29.39,30.2,40.34,0.1,25.65,25.73,27.37,28.12,26.28, 
37.859375,3591.245361,25.065063,11.467676,14.252684,9.938652,49.638653,18.312342,1.2,36.95,0.1,29.41,30.28,40.38,0.1,25.66,25.73,27.42,28.15,26.27, 
38.429688,3579.199951,25.044905,11.483471,14.326998,10.007025,49.707027,18.287153,1.2,36.95,0.1,29.48,30.34,40.41,0.1,25.66,25.73,27.43,28.18,26.29, 
39.007812,3586.593506,25.099586,11.483471,14.272314,10.007025,49.707027,18.287153,1.2,36.92,0.1,29.53,30.41,40.45,0.1,25.64,25.76,27.47,28.22,26.29, 
39.578125,3590.668701,25.065063,11.467676,14.143467,9.938652,49.638653,18.312342,1.2,36.88,0.1,29.58,30.49,40.52,0.1,25.65,25.77,27.49,28.25,26.3, 
40.15625,3586.016113,25.099586,11.483471,14.162949,10.007025,49.707027,18.287153,1.2,36.88,0.1,29.64,30.58,40.56,0.1,25.63,25.77,27.49,28.28,26.32, 
40.726562,3578.33374,25.044905,11.483471,14.162949,10.007025,49.707027,18.287153,1.2,36.88,0.1,29.69,30.65,40.59,0.1,25.6,25.77,27.53,28.28,26.35, 
41.296875,3586.593506,25.099586,11.483471,14.272314,10.007025,49.707027,18.287153,1.2,36.88,0.1,29.76,30.73,40.66,0.1,25.57,25.8,27.52,28.31,26.37, 
41.875,3577.251709,25.168922,11.515193,14.311741,10.144337,49.844337,18.236776,1.2,36.85,0.1,29.81,30.8,40.7,0.1,25.57,25.8,27.52,28.35,26.37, 
42.445312,3579.488525,25.044905,11.483471,14.381681,10.007025,49.707027,18.287153,1.2,36.85,0.1,29.88,30.86,40.74,0.1,25.54,25.8,27.54,28.35,26.37, 
43.023438,3579.199951,25.044905,11.483471,14.326998,10.007025,49.707027,18.287153,1.2,36.85,0.1,29.93,30.94,40.78,0.1,25.56,25.78,27.54,28.38,26.37, 
43.59375,3579.488525,25.044905,11.483471,14.381681,10.007025,49.707027,18.287153,1.2,36.82,0.1,29.95,30.99,40.85,0.1,25.56,25.78,27.55,28.4,26.4, 
44.171875,3586.88208,25.099586,11.483471,14.326998,10.007025,49.707027,18.287153,1.2,36.82,0.1,30,30.99,40.88,0.1,25.56,25.78,27.53,28.43,26.4, 
44.742188,3579.199951,25.044905,11.483471,14.326998,10.007025,49.707027,18.287153,1.2,36.82,0.1,30.3,31.5,40.92,0.1,25.51,25.78,27.54,28.43,26.42, 
45.320312,3586.88208,25.099586,11.592837,14.326998,10.007025,49.707027,18.287153,1.2,36.79,0.1,30.8,31.1,40.96,0.1,25.51,25.78,27.57,28.47,26.42, 
45.890625,3581.928955,25.134207,11.49931,14.292,10.075586,49.775585,18.261965,1.2,36.79,0.1,30.13,31.26,40.99,0.1,25.51,25.8,27.59,28.47,26.43, 
46.46875,3587.170898,25.099586,11.483471,14.381681,10.007025,49.707027,18.287153,1.2,36.79,0.1,30.15,31.31,41.3,0.1,25.51,25.8,27.62,28.49,26.43, 
47.039062,3587.170898,25.099586,11.483471,14.381681,10.007025,49.707027,18.287153,1.2,36.79,0.1,30.2,31.36,41.6,0.1,25.51,25.79,27.62,28.5,26.45, 
47.617188,3581.928955,25.134207,11.554069,14.292,10.075586,49.775585,18.261965,1.2,36.79,0.1,30.25,31.41,41.14,0.1,25.51,25.79,27.67,28.5,26.42, 
48.1875,3581.928955,25.134207,11.49931,14.292,10.075586,49.775585,18.261965,1.2,36.79,0.1,30.32,31.47,41.18,0.1,25.51,25.79,27.67,28.5,26.42, 
48.765625,3582.50708,25.134207,11.49931,14.401518,10.075586,49.775585,18.261965,1.2,36.76,0.1,30.37,31.55,41.21,0.1,25.49,25.79,27.67,28.45,26.42, 
49.335938,3577.541016,25.168922,11.515193,14.366573,10.144337,49.844337,18.236776,1.2,36.76,0.1,30.39,31.61,41.25,0.1,25.49,25.81,27.67,28.48,26.37, 
49.914062,3569.837402,25.114088,11.515193,14.366573,10.144337,49.844337,18.236776,1.2,36.76,0.1,30.44,31.66,41.29,0.1,25.52,25.81,27.67,28.48,26.39, 
50.492188,3576.962158,25.168922,11.515193,14.256907,10.144337,49.844337,18.236776,1.2,36.73,0.1,30.49,31.71,41.32,0.1,25.52,25.78,27.68,28.49,26.39, 
51.0625,3578.120117,25.168922,11.515193,14.476242,10.144337,49.844337,18.236776,1.2,36.73,0.1,30.55,31.78,41.4,0.1,25.55,25.78,27.71,28.49,26.38, 
51.640625,3577.251709,25.168922,11.515193,14.311741,10.144337,49.844337,18.236776,1.2,36.73,0.1,30.6,31.87,41.44,0.1,25.55,25.8,27.76,28.53,26.38, 
52.210938,3574.23584,25.134207,11.49931,14.292,10.130344,49.830345,18.261965,1.2,36.76,0.1,30.65,31.92,41.47,0.1,25.55,25.8,27.78,28.56,26.38, 
52.789062,3569.258301,25.114088,11.515193,14.256907,10.144337,49.844337,18.236776,1.2,36.76,0.1,30.7,32,41.51,0.1,25.55,25.8,27.78,28.58,26.38, 
53.359375,3577.830566,25.168922,11.515193,14.421408,10.144337,49.844337,18.236776,1.2,36.76,0.1,30.77,32.8,41.58,0.1,25.56,25.8,27.79,28.58,26.38, 
53.9375,3569.547852,25.114088,11.515193,14.311741,10.144337,49.844337,18.236776,1.2,36.79,0.1,30.82,32.14,41.62,0.1,25.56,25.8,27.76,28.61,26.38, 
54.507812,3570.126953,25.114088,11.515193,14.421408,10.144337,49.844337,18.236776,1.2,36.79,0.1,30.89,32.25,41.7,0.1,25.61,25.78,27.78,28.61,26.37, 
55.085938,3569.547852,25.114088,11.515193,14.311741,10.144337,49.844337,18.236776,1.2,36.79,0.1,30.98,32.3,41.74,0.1,25.61,25.78,27.75,28.61,26.35, 
55.664062,3570.126953,25.114088,11.515193,14.421408,10.144337,49.844337,18.236776,1.2,36.82,0.1,31.4,32.3,41.81,0.1,25.61,25.78,27.77,28.66,26.35, 
56.234375,3569.547852,25.114088,11.515193,14.311741,10.144337,49.844337,18.236776,1.2,36.85,0.1,31.1,32.5,41.89,0.1,25.61,25.76,27.77,28.66,26.36, 
56.8125,3577.251709,25.168922,11.570027,14.311741,10.144337,49.844337,18.236776,1.2,36.85,0.1,31.16,32.57,41.92,0.1,25.64,25.76,27.77,28.66,26.36, 
57.382812,3569.547852,25.114088,11.515193,14.311741,10.144337,49.844337,18.236776,1.2,36.88,0.1,31.25,32.62,41.97,0.1,25.64,25.76,27.77,28.69,26.36, 
57.960938,3576.672607,25.168922,11.515193,14.202072,10.144337,49.844337,18.236776,1.2,36.88,0.1,31.32,32.71,42.4,0.1,25.64,25.76,27.76,28.69,26.37, 
58.53125,3568.679199,25.114088,11.515193,14.147238,10.144337,49.844337,18.236776,1.2,36.88,0.1,31.37,32.78,42.8,0.1,25.66,25.76,27.79,28.71,26.4, 
59.109375,3569.258301,25.114088,11.515193,14.256907,10.144337,49.844337,18.236776,1.2,36.88,0.1,31.44,32.88,42.12,0.1,25.66,25.78,27.79,28.71,26.42, 
59.6875,3573.079346,25.134207,11.49931,14.072966,10.130344,49.830345,18.261965,1.2,36.88,0.1,31.47,32.93,42.16,0.1,25.65,25.8,27.82,28.71,26.44, 
60.257812,3576.672607,25.168922,11.515193,14.202072,10.144337,49.844337,18.236776,1.2,36.88,0.1,31.5,32.99,42.2,0.1,25.65,25.82,27.84,28.73,26.44, 
60.835938,3576.383057,25.168922,11.515193,14.147238,10.144337,49.844337,18.236776,1.2,36.85,0.1,31.5,33.4,42.23,0.1,25.62,25.84,27.87,28.73,26.46, 
61.40625,3576.093506,25.168922,11.515193,14.092403,10.144337,49.844337,18.236776,1.2,36.85,0.1,31.52,33.1,42.27,0.1,25.59,25.81,27.9,28.75,26.47, 
61.984375,3568.389648,25.114088,11.515193,14.092403,10.144337,49.844337,18.236776,1.2,36.85,0.1,31.54,33.1,42.31,0.1,25.56,25.83,27.92,28.75,26.46, 
62.5625,3568.679199,25.114088,11.515193,14.147238,10.144337,49.844337,18.236776,1.2,36.85,0.1,31.56,33.15,42.31,0.1,25.56,25.81,27.92,28.75,26.46, 
63.132812,3576.383057,25.168922,11.515193,14.147238,10.144337,49.844337,18.236776,1.2,36.85,0.1,31.56,33.2,42.35,0.1,25.53,25.81,27.92,28.76,26.46, 
63.710938,3563.687012,25.148825,11.531121,14.111896,10.213279,49.91328,18.211586,1.2,36.85,0.1,31.57,33.26,42.39,0.1,25.53,25.81,27.91,28.74,26.44, 
64.28125,3563.107178,25.148825,11.586031,14.002074,10.213279,49.91328,18.211586,1.2,36.88,0.1,31.64,33.31,42.43,0.1,25.53,25.81,27.91,28.78,26.46, 
64.859375,3576.093506,25.168922,11.515193,14.092403,10.144337,49.844337,18.236776,1.2,36.88,0.1,31.69,33.37,42.47,0.1,25.5,25.81,27.93,28.76,26.45, 
65.429688,3567.52124,25.114088,11.515193,13.9279,10.144337,49.844337,18.236776,1.2,36.88,0.1,31.76,33.46,42.55,0.1,25.53,25.81,27.94,28.79,26.45, 
66.007812,3575.514404,25.168922,11.515193,13.982735,10.144337,49.844337,18.236776,1.2,36.91,0.1,31.81,33.52,42.59,0.1,25.53,25.84,27.96,28.8,26.45, 
66.578125,3563.977051,25.148825,11.531121,14.166806,10.213279,49.91328,18.211586,1.2,36.91,0.1,31.92,33.61,42.62,0.1,25.53,25.84,27.96,28.86,26.48, 
67.15625,3575.224854,25.168922,11.515193,13.9279,10.144337,49.844337,18.236776,1.2,36.94,0.1,31.97,33.66,42.66,0.1,25.55,25.84,27.98,28.86,26.51, 
67.726562,3571.401611,25.203735,11.531121,14.111896,10.213279,49.91328,18.211586,1.2,36.94,0.1,32.2,33.66,42.66,0.1,25.58,25.86,28.3,28.91,26.55, 
68.304688,3567.810791,25.168922,11.515193,13.982735,10.199171,49.89917,18.236776,1.2,36.97,0.1,32.7,33.72,42.74,0.1,25.58,25.86,28.4,28.96,26.55, 
68.875,3563.397217,25.148825,11.640941,14.056985,10.213279,49.91328,18.211586,1.2,36.97,0.1,32.14,33.87,42.78,0.1,25.58,25.88,28.4,29.2,26.55, 
69.453125,3570.821777,25.203735,11.531121,14.002074,10.213279,49.91328,18.211586,1.2,37,0.1,32.25,33.87,42.82,0.1,25.58,25.88,28.9,29.2,26.58, 
70.023438,3563.977051,25.148825,11.531121,14.166806,10.213279,49.91328,18.211586,1.2,37,0.1,32.33,33.98,42.9,0.1,25.58,25.9,28.9,29.7,26.61, 
70.601562,3566.696533,25.238644,11.547091,14.13144,10.282411,49.98241,18.186398,1.2,37,0.1,32.4,34.4,42.98,0.1,25.61,25.9,28.13,29.12,26.66, 
71.171875,3562.527344,25.148825,11.531121,13.892255,10.213279,49.91328,18.211586,1.2,37.3,0.1,32.47,34.15,43.2,0.1,25.61,25.92,28.17,29.14,26.7, 
71.75,3562.527344,25.148825,11.531121,13.892255,10.213279,49.91328,18.211586,1.2,37.3,0.1,32.56,34.26,43.1,0.1,25.61,25.94,28.18,29.18,26.73, 
72.320312,3575.224854,25.168922,11.515193,13.9279,10.144337,49.844337,18.236776,1.2,37.3,0.1,32.63,34.37,43.13,0.1,25.64,25.94,28.21,29.19,26.75, 
72.898438,3562.527344,25.148825,11.531121,13.892255,10.213279,49.91328,18.211586,1.2,37.3,0.1,32.68,34.43,43.21,0.1,25.64,25.96,28.26,29.19,26.78, 
73.46875,3569.662109,25.203735,11.531121,13.782435,10.213279,49.91328,18.211586,1.2,37.3,0.1,32.78,34.5,43.29,0.1,25.64,25.96,28.26,29.21,26.79, 
74.046875,3570.531738,25.203735,11.531121,13.947165,10.213279,49.91328,18.211586,1.2,37.3,0.1,32.84,34.6,43.33,0.1,25.66,25.97,28.29,29.21,26.79, 
74.617188,3561.94751,25.148825,11.531121,13.782435,10.213279,49.91328,18.211586,1.2,37.3,0.1,32.89,34.68,43.41,0.1,25.66,25.97,28.29,29.21,26.81, 
75.195312,3574.935303,25.168922,11.570027,13.873066,10.144337,49.844337,18.236776,1.2,37.3,0.1,32.94,34.77,43.45,0.1,25.66,25.97,28.29,29.23,26.86, 
75.765625,3561.94751,25.148825,11.531121,13.782435,10.213279,49.91328,18.211586,1.2,37.3,0.1,33.3,34.84,43.54,0.1,25.64,25.97,28.29,29.23,26.86, 
76.34375,3568.792236,25.203735,11.531121,13.617705,10.213279,49.91328,18.211586,1.2,37,0.1,33.1,34.9,43.58,0.1,25.64,25.99,28.29,29.27,26.88, 
76.914062,3566.942139,25.114088,11.515193,13.818232,10.144337,49.844337,18.236776,1.2,37,0.1,33.15,34.96,43.62,0.1,25.64,25.99,28.29,29.27,26.89, 
77.492188,3562.237549,25.148825,11.531121,13.837344,10.213279,49.91328,18.211586,1.2,36.97,0.1,33.21,35.7,43.66,0.1,25.61,25.99,28.3,29.3,26.89, 
78.0625,3569.37207,25.203735,11.531121,13.727525,10.213279,49.91328,18.211586,1.2,36.94,0.1,33.26,35.13,43.7,0.1,25.61,25.99,28.32,29.3,26.89, 
78.640625,3558.080322,25.114088,11.515193,13.598894,10.199171,49.89917,18.236776,1.2,36.91,0.1,33.31,35.23,43.75,0.1,25.61,25.97,28.32,29.34,26.87, 
79.210938,3573.777344,25.168922,11.515193,13.653728,10.144337,49.844337,18.236776,1.2,36.88,0.1,33.36,35.24,43.79,0.1,25.61,25.97,28.34,29.37,26.87, 
79.78125,3568.792236,25.203735,11.531121,13.617705,10.213279,49.91328,18.211586,1.2,36.88,0.1,33.42,35.36,43.82,0.1,25.58,25.95,28.34,29.37,26.87, 
80.359375,3560.497803,25.148825,11.531121,13.507884,10.213279,49.91328,18.211586,1.2,36.85,0.1,33.47,35.42,43.87,0.1,25.56,25.95,28.36,29.37,26.87, 
80.929688,3561.657715,25.148825,11.531121,13.727525,10.213279,49.91328,18.211586,1.2,36.85,0.1,33.53,35.47,43.95,0.1,25.53,25.95,28.36,29.4,26.84, 
81.507812,3569.082275,25.203735,11.531121,13.672614,10.213279,49.91328,18.211586,1.2,36.82,0.1,33.58,35.53,43.99,0.1,25.5,25.93,28.34,29.4,26.82, 
82.078125,3568.212402,25.203735,11.640941,13.507884,10.213279,49.91328,18.211586,1.2,36.82,0.1,33.63,35.59,44.4,0.1,25.5,25.9,28.34,29.4,26.82, 
82.648438,3563.793457,25.238644,11.547091,13.581578,10.282411,49.98241,18.186398,1.2,36.82,0.1,33.67,35.65,44.8,0.1,25.5,25.93,28.36,29.43,26.79, 
83.226562,3567.922363,25.203735,11.531121,13.452973,10.213279,49.91328,18.211586,1.2,36.79,0.1,33.72,35.71,44.12,0.1,25.5,25.91,28.33,29.41,26.79, 
83.796875,3555.197266,25.183657,11.547091,13.416621,10.282411,49.98241,18.186398,1.2,36.79,0.1,33.77,35.81,44.16,0.1,25.53,25.91,28.33,29.41,26.78, 
84.375,3559.917969,25.148825,11.531121,13.398065,10.213279,49.91328,18.211586,1.2,36.79,0.1,33.83,35.86,44.2,0.1,25.53,25.91,28.32,29.45,26.78, 
84.945312,3559.917969,25.148825,11.531121,13.398065,10.213279,49.91328,18.211586,1.2,36.79,0.1,33.9,35.94,44.25,0.1,25.55,25.92,28.32,29.43,26.77, 
85.523438,3560.208008,25.148825,11.531121,13.452973,10.213279,49.91328,18.211586,1.2,36.79,0.1,33.92,35.98,44.29,0.1,25.55,25.92,28.29,29.43,26.77, 
86.09375,3559.628174,25.148825,11.531121,13.343154,10.213279,49.91328,18.211586,1.2,36.79,0.1,33.97,36.1,44.37,0.1,25.57,25.93,28.31,29.41,26.76, 
86.671875,3560.208008,25.148825,11.531121,13.452973,10.213279,49.91328,18.211586,1.2,36.78,0.1,34.2,36.1,44.42,0.1,25.59,25.93,28.31,29.45,26.78, 
87.242188,3559.04834,25.148825,11.531121,13.233335,10.213279,49.91328,18.211586,1.2,36.75,0.1,34.4,36.16,44.46,0.1,25.59,25.96,28.31,29.43,26.75, 
87.820312,3559.628174,25.148825,11.531121,13.343154,10.213279,49.91328,18.211586,1.2,36.75,0.1,34.9,36.21,44.51,0.1,25.61,25.99,28.31,29.43,26.76, 
88.390625,3559.04834,25.148825,11.531121,13.233335,10.213279,49.91328,18.211586,1.2,36.7,0.1,34.11,36.33,44.55,0.1,25.61,26.1,28.32,29.41,26.75, 
88.96875,3559.04834,25.148825,11.531121,13.233335,10.213279,49.91328,18.211586,1.2,36.66,0.1,34.16,36.39,44.59,0.1,25.61,26.1,28.35,29.39,26.72, 
89.539062,3559.628174,25.148825,11.531121,13.343154,10.213279,49.91328,18.211586,1.2,36.63,0.1,34.18,36.41,44.63,0.1,25.61,26.2,28.38,29.39,26.71, 
90.117188,3559.338135,25.148825,11.531121,13.288243,10.213279,49.91328,18.211586,1.2,36.6,0.1,34.18,36.45,44.63,0.1,25.61,26.2,28.37,29.37,26.66, 
90.6875,3564.046875,25.114088,11.515193,13.26989,10.144337,49.844337,18.236776,1.2,36.57,0.1,34.18,36.47,44.67,0.1,25.59,25.99,28.37,29.35,26.62, 
91.265625,3554.035889,25.183657,11.547091,13.196675,10.282411,49.98241,18.186398,1.2,36.57,0.1,34.2,36.51,44.67,0.1,25.56,25.99,28.37,29.35,26.6, 
91.835938,3563.467773,25.114088,11.515193,13.160221,10.144337,49.844337,18.236776,1.2,36.54,0.1,34.2,36.53,44.72,0.1,25.54,25.97,28.37,29.33,26.55, 
92.414062,3559.04834,25.148825,11.531121,13.233335,10.213279,49.91328,18.211586,1.2,36.54,0.1,34.21,36.57,44.72,0.1,25.54,25.97,28.37,29.33,26.55, 
92.984375,3558.468506,25.148825,11.531121,13.123513,10.213279,49.91328,18.211586,1.2,36.54,0.1,34.23,36.63,44.76,0.1,25.49,25.94,28.34,29.33,26.54, 
93.5625,3558.468506,25.148825,11.531121,13.123513,10.213279,49.91328,18.211586,1.2,36.54,0.1,34.23,36.65,44.81,0.1,25.49,25.92,28.34,29.3,26.52, 
94.132812,3554.035889,25.183657,11.547091,13.196675,10.282411,49.98241,18.186398,1.2,36.54,0.1,34.29,36.7,44.85,0.1,25.48,25.89,28.29,29.28,26.47, 
94.710938,3558.468506,25.148825,11.531121,13.123513,10.213279,49.91328,18.211586,1.2,36.54,0.1,34.3,36.75,44.9,0.1,25.46,25.84,28.29,29.28,26.47, 
95.28125,3559.04834,25.148825,11.531121,13.233335,10.213279,49.91328,18.211586,1.2,36.54,0.1,34.36,36.82,44.94,0.1,25.41,25.8,28.26,29.28,26.47, 
95.859375,3555.474609,25.114088,11.515193,13.105387,10.199171,49.89917,18.236776,1.2,36.54,0.1,34.37,36.86,44.98,0.1,25.41,25.75,28.23,29.28,26.47, 
96.429688,3550.464111,25.148825,11.531121,13.068604,10.268188,49.968189,18.211586,1.2,36.54,0.1,34.43,36.92,44.98,0.1,25.36,25.75,28.2,29.28,26.47, 
97,3547.481201,25.114088,11.515193,13.050552,10.254005,49.954002,18.236776,1.2,36.54,0.1,34.54,37,45.7,0.1,25.32,25.7,28.2,29.26,26.47, 
97.578125,3558.468506,25.148825,11.531121,13.123513,10.213279,49.91328,18.211586,1.2,36.57,0.1,34.59,37.1,45.11,0.1,25.32,25.68,28.2,29.26,26.47, 
98.148438,3558.468506,25.148825,11.531121,13.123513,10.213279,49.91328,18.211586,1.2,36.57,0.1,34.7,37.17,45.16,0.1,25.3,25.68,28.17,29.28,26.49, 
98.71875,3558.758301,25.148825,11.531121,13.178424,10.213279,49.91328,18.211586,1.2,36.6,0.1,34.75,37.27,45.24,0.1,25.3,25.63,28.19,29.31,26.49, 
99.296875,3553.455322,25.183657,11.547091,13.086703,10.282411,49.98241,18.186398,1.2,36.63,0.1,34.86,37.39,45.29,0.1,25.3,25.63,28.19,29.31,26.49, 
99.867188,3553.455322,25.183657,11.547091,13.086703,10.282411,49.98241,18.186398,1.2,36.66,0.1,34.92,37.45,45.38,0.1,25.28,25.63,28.21,29.35,26.54, 
100.4375,3553.165039,25.183657,11.547091,13.031718,10.282411,49.98241,18.186398,1.2,36.69,0.1,34.99,37.57,45.42,0.1,25.28,25.65,28.22,29.38,26.54, 
101.015625,3547.481201,25.114088,11.515193,13.050552,10.254005,49.954002,18.236776,1.2,36.72,0.1,35.8,37.57,45.47,0.1,25.31,25.65,28.27,29.38,26.55, 
101.585938,3557.888672,25.148825,11.531121,13.013694,10.213279,49.91328,18.211586,1.2,36.72,0.1,35.15,37.69,45.51,0.1,25.33,25.62,28.27,29.44,26.6, 
102.164062,3558.178467,25.148825,11.531121,13.068603,10.213279,49.91328,18.211586,1.2,36.75,0.1,35.21,37.82,45.6,0.1,25.33,25.65,28.29,29.47,26.62, 
102.734375,3558.178467,25.148825,11.531121,13.068603,10.213279,49.91328,18.211586,1.2,36.78,0.1,35.3,37.88,45.65,0.1,25.36,25.67,28.3,29.49,26.64, 
103.3125,3553.165039,25.183657,11.602077,13.031718,10.282411,49.98241,18.186398,1.2,36.81,0.1,35.38,37.98,45.7,0.1,25.36,25.67,28.3,29.53,26.66, 
103.882812,3558.178467,25.148825,11.531121,13.068603,10.213279,49.91328,18.211586,1.2,36.84,0.1,35.43,38.4,45.74,0.1,25.39,25.67,28.35,29.56,26.69, 
104.460938,3562.888672,25.114088,11.515193,13.050552,10.144337,49.844337,18.236776,1.2,36.84,0.1,35.52,38.12,45.83,0.1,25.41,25.68,28.35,29.58,26.71, 
105.03125,3565.603027,25.203735,11.531121,13.013694,10.213279,49.91328,18.211586,1.2,36.87,0.1,35.58,38.18,45.88,0.1,25.44,25.71,28.39,29.62,26.74, 
105.609375,3558.178467,25.148825,11.531121,13.068603,10.213279,49.91328,18.211586,1.2,36.87,0.1,35.6,38.24,45.92,0.1,25.44,25.73,28.41,29.67,26.74, 
106.179688,3557.598633,25.148825,11.531121,12.958783,10.213279,49.91328,18.211586,1.2,36.87,0.1,35.67,38.3,45.97,0.1,25.46,25.76,28.46,29.69,26.78, 
106.757812,3557.888672,25.148825,11.531121,13.013694,10.213279,49.91328,18.211586,1.2,36.87,0.1,35.71,38.37,46.6,0.1,25.49,25.78,28.49,29.72,26.78, 
107.328125,3557.598633,25.148825,11.531121,12.958783,10.213279,49.91328,18.211586,1.2,36.87,0.1,35.76,38.45,46.11,0.1,25.51,25.8,28.51,29.78,26.83, 
107.898438,3557.888672,25.148825,11.531121,13.013694,10.213279,49.91328,18.211586,1.2,36.84,0.1,35.82,38.51,46.15,0.1,25.53,25.82,28.52,29.78,26.83, 
108.476562,3557.598633,25.148825,11.531121,12.958783,10.213279,49.91328,18.211586,1.2,36.81,0.1,35.88,38.55,46.15,0.1,25.52,25.85,28.55,29.81,26.85, 
109.046875,3552.874512,25.183657,11.547091,12.976731,10.282411,49.98241,18.186398,1.2,36.78,0.1,35.89,38.61,46.2,0.1,25.54,25.85,28.57,29.87,26.87, 
109.617188,3552.874512,25.183657,11.602077,12.976731,10.282411,49.98241,18.186398,1.2,36.75,0.1,35.93,38.61,46.2,0.1,25.54,25.88,28.57,29.87,26.86, 
110.195312,3557.598633,25.148825,11.531121,12.958783,10.213279,49.91328,18.211586,1.2,36.72,0.1,35.95,38.68,46.24,0.1,25.53,25.88,28.54,29.87,26.86, 
110.765625,3557.888672,25.148825,11.531121,13.013694,10.213279,49.91328,18.211586,1.2,36.66,0.1,35.95,38.68,46.24,0.1,25.53,25.89,28.54,29.87,26.81, 
111.34375,3553.165039,25.183657,11.602077,13.031718,10.282411,49.98241,18.186398,1.2,36.63,0.1,35.96,38.74,46.29,0.1,25.5,25.89,28.52,29.83,26.81, 
111.914062,3557.598633,25.148825,11.531121,12.958783,10.213279,49.91328,18.211586,1.2,36.6,0.1,36,38.74,46.29,0.1,25.48,25.89,28.52,29.81,26.76, 
112.484375,3537.424561,25.073685,11.547091,12.976731,10.282411,49.98241,18.186398,1.2,36.57,0.1,36.2,38.79,46.34,0.1,25.48,25.87,28.48,29.78,26.76, 
113.054688,3552.874512,25.183657,11.547091,12.976731,10.282411,49.98241,18.186398,1.2,36.57,0.1,36.8,38.85,46.34,0.1,25.49,25.87,28.46,29.72,26.72, 
113.632812,3552.584229,25.183657,11.547091,12.921744,10.282411,49.98241,18.186398,1.2,36.54,0.1,36.9,38.89,46.38,0.1,25.49,25.89,28.47,29.69,26.67, 
114.203125,3544.859375,25.128672,11.547091,12.921744,10.282411,49.98241,18.186398,1.2,36.54,0.1,36.15,39.2,46.43,0.1,25.49,25.92,28.47,29.63,26.67, 
114.773438,3557.888672,25.148825,11.531121,13.013694,10.213279,49.91328,18.211586,1.2,36.54,0.1,36.17,39.4,46.48,0.1,25.52,25.92,28.45,29.62,26.64, 
115.351562,3546.902344,25.059254,11.515193,12.940884,10.199171,49.89917,18.236776,1.2,36.54,0.1,36.22,39.15,46.53,0.1,25.52,25.92,28.45,29.56,26.64, 
115.921875,3557.598633,25.148825,11.531121,12.958783,10.213279,49.91328,18.211586,1.2,36.54,0.1,36.28,39.19,46.53,0.1,25.49,25.92,28.44,29.56,26.63, 
116.5,3549.884521,25.093916,11.531121,12.958783,10.213279,49.91328,18.211586,1.2,36.54,0.1,36.34,39.26,46.57,0.1,25.49,25.92,28.44,29.56,26.65, 
117.070312,3552.584229,25.183657,11.547091,12.921744,10.282411,49.98241,18.186398,1.2,36.54,0.1,36.35,39.32,46.62,0.1,25.49,25.94,28.44,29.58,26.67, 
117.640625,3542.169922,25.039005,11.476211,12.958783,10.213279,49.91328,18.211586,1.2,36.54,0.1,36.41,39.38,46.67,0.1,25.48,25.94,28.48,29.58,26.66, 
118.21875,3544.859375,25.128672,11.547091,12.921744,10.282411,49.98241,18.186398,1.2,36.57,0.1,36.46,39.43,46.72,0.1,25.48,25.96,28.53,29.61,26.68, 
118.789062,3542.169922,25.039005,11.476211,12.958783,10.213279,49.91328,18.211586,1.2,36.6,0.1,36.52,39.49,46.72,0.1,25.51,26,28.56,29.59,26.68, 
119.367188,3557.598633,25.148825,11.531121,12.958783,10.213279,49.91328,18.211586,1.2,36.63,0.1,36.58,39.56,46.76,0.1,25.51,25.99,28.61,29.63,26.7, 
119.9375,3546.902344,25.059254,11.515193,12.940884,10.199171,49.89917,18.236776,1.2,36.66,0.1,36.63,39.6,46.76,0.1,25.49,26.1,28.65,29.64,26.72, 
120.515625,3549.884521,25.093916,11.476211,12.958783,10.213279,49.91328,18.211586,1.2,36.69,0.1,36.65,39.6,46.81,0.1,25.49,26.3,28.68,29.64,26.72, 
121.085938,3557.598633,25.148825,11.476211,12.958783,10.213279,49.91328,18.211586,1.2,36.75,0.1,36.71,39.67,46.81,0.1,25.49,26.2,28.73,29.68,26.74, 
121.664062,3549.884521,25.093916,11.476211,12.958783,10.213279,49.91328,18.211586,1.2,36.81,0.1,36.77,39.73,46.86,0.1,25.5,26.4,28.78,29.71,26.79, 
122.234375,3542.169922,25.039005,11.476211,12.958783,10.213279,49.91328,18.211586,1.2,36.84,0.1,36.78,39.78,46.9,0.1,25.5,26.6,28.83,29.75,26.8, 
122.804688,3552.584229,25.183657,11.547091,12.921744,10.282411,49.98241,18.186398,1.2,36.87,0.1,36.88,39.84,46.9,0.1,25.5,26.7,28.87,29.78,26.8, 
123.382812,3537.134277,25.073685,11.492105,12.921744,10.282411,49.98241,18.186398,1.2,36.9,0.1,36.94,39.91,46.95,0.1,25.53,26.6,28.92,29.82,26.8, 
123.953125,3537.134277,25.073685,11.602077,12.921744,10.282411,49.98241,18.186398,1.2,36.93,0.1,37.3,39.91,47,0.1,25.53,26.4,28.91,29.88,26.8, 
124.53125,3552.584229,25.183657,11.492105,12.921744,10.282411,49.98241,18.186398,1.2,36.96,0.1,37.13,40.9,47.5,0.1,25.51,26.4,28.92,29.91,26.83, 
125.101562,3552.584229,25.183657,11.492105,12.921744,10.282411,49.98241,18.186398,1.2,36.99,0.1,37.19,40.15,47.1,0.1,25.53,26.6,28.91,29.95,26.83, 
125.671875,3549.884521,25.093916,11.476211,12.958783,10.213279,49.91328,18.211586,1.2,37.2,0.1,37.26,40.15,47.15,0.1,25.53,26.6,28.93,29.98,26.81, 
126.25,3544.859375,25.128672,11.492105,12.921744,10.282411,49.98241,18.186398,1.2,37.5,0.1,37.32,40.21,47.19,0.1,25.55,26.7,28.91,30.2,26.81, 
126.820312,3544.859375,25.128672,11.492105,12.921744,10.282411,49.98241,18.186398,1.2,37.5,0.1,37.38,40.28,47.24,0.1,25.52,26.7,28.93,30.7,26.81, 
127.390625,3544.859375,25.128672,11.492105,12.921744,10.282411,49.98241,18.186398,1.2,37.8,0.1,37.44,40.35,47.29,0.1,25.51,26.7,28.9,30.7,26.81, 
127.960938,3537.134277,25.073685,11.492105,12.921744,10.282411,49.98241,18.186398,1.2,37.8,0.1,37.5,40.41,47.39,0.1,25.48,26.7,28.89,30.11,26.84, 
128.539062,3554.605957,25.059254,11.515193,12.940884,10.144337,49.844337,18.236776,1.2,37.8,0.1,37.55,40.52,47.44,0.1,25.5,26.6,28.89,30.11,26.84, 
129.109375,3549.884521,25.093916,11.476211,12.958783,10.213279,49.91328,18.211586,1.2,37.8,0.1,37.61,40.59,47.49,0.1,25.47,26.7,28.86,30.11,26.83, 
129.679688,3552.293945,25.183657,11.492105,12.866759,10.282411,49.98241,18.186398,1.2,37.8,0.1,37.67,40.67,47.59,0.1,25.45,26.7,28.83,30.11,26.83, 
130.257812,3544.859375,25.128672,11.492105,12.921744,10.282411,49.98241,18.186398,1.2,37.5,0.1,37.73,40.74,47.63,0.1,25.42,26.5,28.83,30.11,26.85, 
130.828125,3537.134277,25.073685,11.492105,12.921744,10.282411,49.98241,18.186398,1.2,37.5,0.1,37.73,40.76,47.69,0.1,25.42,26.5,28.83,30.13,26.85, 
131.398438,3549.884521,25.093916,11.476211,12.958783,10.213279,49.91328,18.211586,1.2,37.2,0.1,37.79,40.82,47.73,0.1,25.42,26.5,28.8,30.13,26.85, 
131.96875,3552.584229,25.183657,11.492105,12.921744,10.282411,49.98241,18.186398,1.2,36.99,0.1,37.79,40.91,47.78,0.1,25.42,26.5,28.83,30.13,26.85, 
132.539062,3542.169922,25.039005,11.476211,12.958783,10.213279,49.91328,18.211586,1.2,36.99,0.1,37.8,40.97,47.77,0.1,25.42,26.5,28.83,30.13,26.85, 
133.117188,3537.134277,25.073685,11.492105,12.921744,10.282411,49.98241,18.186398,1.2,36.96,0.1,37.85,40.97,47.82,0.1,25.45,26.5,28.84,30.19,26.88, 
133.6875,3534.455566,24.984095,11.531121,12.958783,10.213279,49.91328,18.211586,1.2,36.93,0.1,37.86,41.4,47.87,0.1,25.43,26.2,28.84,30.19,26.87, 
134.257812,3542.169922,25.039005,11.531121,12.958783,10.213279,49.91328,18.211586,1.2,36.93,0.1,37.86,41.6,47.87,0.1,25.43,26.2,28.84,30.19,26.87, 
134.828125,3544.569092,25.128672,11.492105,12.866759,10.282411,49.98241,18.186398,1.2,36.9,0.1,37.88,41.12,47.92,0.1,25.43,26.2,28.86,30.22,26.87, 
135.40625,3537.134277,25.073685,11.602077,12.921744,10.282411,49.98241,18.186398,1.2,36.87,0.1,37.88,41.12,47.97,0.1,25.38,26.1,28.89,30.22,26.85, 
135.976562,3542.169922,25.039005,11.476211,12.958783,10.213279,49.91328,18.211586,1.2,36.84,0.1,37.9,41.19,48.2,0.1,25.38,26.1,28.86,30.22,26.85, 
136.546875,3537.134277,25.073685,11.547091,12.921744,10.282411,49.98241,18.186398,1.2,36.81,0.1,37.9,41.2,48.7,0.1,25.36,25.98,28.91,30.26,26.83, 
137.117188,3542.169922,25.039005,11.476211,12.958783,10.213279,49.91328,18.211586,1.2,36.78,0.1,37.91,41.27,48.12,0.1,25.36,25.98,28.91,30.26,26.85, 
137.695312,3542.169922,25.039005,11.476211,12.958783,10.213279,49.91328,18.211586,1.2,36.75,0.1,37.93,41.32,48.12,0.1,25.36,25.98,28.91,30.26,26.85, 
138.265625,3542.169922,25.039005,11.476211,12.958783,10.213279,49.91328,18.211586,1.2,36.72,0.1,37.99,41.39,48.12,0.1,25.36,25.98,28.91,30.26,26.87, 
138.835938,3541.880127,25.039005,11.476211,12.903872,10.213279,49.91328,18.211586,1.2,36.69,0.1,38,41.39,48.17,0.1,25.33,26,28.94,30.26,26.88, 
139.414062,3537.134277,25.073685,11.492105,12.921744,10.282411,49.98241,18.186398,1.2,36.69,0.1,38.6,41.44,48.23,0.1,25.35,26.4,28.98,30.22,26.9, 
139.984375,3547.19165,25.004419,11.460359,12.995718,10.144337,49.844337,18.236776,1.2,36.68,0.1,38.12,41.57,48.29,0.1,25.35,26.8,29.1,30.22,26.9, 
140.554688,3542.169922,25.039005,11.476211,12.958783,10.213279,49.91328,18.211586,1.2,36.69,0.1,38.18,41.64,48.32,0.1,25.37,26.1,29.2,30.22,26.92, 
141.132812,3547.19165,25.004419,11.515193,12.995718,10.144337,49.844337,18.236776,1.2,36.71,0.1,38.24,41.71,48.38,0.1,25.37,26.13,29.2,30.22,26.94, 
141.703125,3534.165527,24.984095,11.476211,12.903872,10.213279,49.91328,18.211586,1.2,36.73,0.1,38.3,41.79,48.48,0.1,25.34,26.13,29.2,30.24,26.94, 
142.273438,3542.169922,25.039005,11.476211,12.958783,10.213279,49.91328,18.211586,1.2,36.77,0.1,38.36,41.86,48.53,0.1,25.34,26.13,29.2,30.24,26.94, 
142.851562,3542.459961,25.039005,11.476211,13.013694,10.213279,49.91328,18.211586,1.2,36.77,0.1,38.37,41.93,48.58,0.1,25.36,26.11,28.99,30.24,26.93, 
143.421875,3534.455566,24.984095,11.476211,12.958783,10.213279,49.91328,18.211586,1.2,36.8,0.1,38.43,42,48.63,0.1,25.36,26.11,29.1,30.24,26.94, 
143.992188,3534.165527,24.984095,11.476211,12.903872,10.213279,49.91328,18.211586,1.2,36.83,0.1,38.49,42.6,48.69,0.1,25.34,26.11,29.1,30.26,26.94, 
144.570312,3534.455566,24.984095,11.476211,12.958783,10.213279,49.91328,18.211586,1.2,36.83,0.1,38.55,42.8,48.74,0.1,25.34,26.13,29.4,30.26,26.94, 
145.140625,3529.408936,25.018698,11.547091,12.921744,10.282411,49.98241,18.186398,1.2,36.86,0.1,38.61,42.15,48.79,0.1,25.37,26.15,29.7,30.29,26.95, 
145.710938,3526.451416,24.929186,11.476211,12.903872,10.213279,49.91328,18.211586,1.2,36.86,0.1,38.63,42.27,48.84,0.1,25.39,26.19,29.12,30.31,26.95, 
146.289062,3534.455566,24.984095,11.476211,12.958783,10.213279,49.91328,18.211586,1.2,36.86,0.1,38.68,42.34,48.89,0.1,25.39,26.21,29.12,30.31,26.98, 
146.859375,3526.451416,24.929186,11.476211,12.903872,10.213279,49.91328,18.211586,1.2,36.89,0.1,38.7,42.41,48.95,0.1,25.44,26.21,29.17,30.37,26.99, 
147.4375,3534.455566,24.984095,11.421301,12.958783,10.213279,49.91328,18.211586,1.2,36.89,0.1,38.76,42.47,48.99,0.1,25.44,26.24,29.17,30.37,27.4, 
148.007812,3521.684082,24.963713,11.437119,12.921744,10.282411,49.98241,18.186398,1.2,36.92,0.1,38.82,42.53,49.5,0.1,25.44,26.24,29.18,30.42,27.6, 
148.585938,3519.026855,24.874275,11.421301,12.958783,10.213279,49.91328,18.211586,1.2,36.95,0.1,38.88,42.6,49.5,0.1,25.45,26.27,29.18,30.42,27.11, 
149.15625,3521.393799,24.963713,11.492105,12.866759,10.282411,49.98241,18.186398,1.2,36.98,0.1,38.94,42.66,49.1,0.1,25.48,26.29,29.18,30.44,27.12, 
149.726562,3513.668457,24.908726,11.492105,12.866759,10.282411,49.98241,18.186398,1.2,37.1,0.1,39,42.66,49.16,0.1,25.5,26.32,29.2,30.48,27.17, 
150.296875,3521.684082,24.963713,11.437119,12.921744,10.282411,49.98241,18.186398,1.2,37.1,0.1,39.6,42.73,49.21,0.1,25.5,26.32,29.23,30.5,27.19, 
150.875,3526.741455,24.929186,11.476211,12.958783,10.213279,49.91328,18.211586,1.2,37.4,0.1,39.8,42.81,49.26,0.1,25.55,26.35,29.25,30.54,27.23, 
151.445312,3511.3125,24.819365,11.421301,12.958783,10.213279,49.91328,18.211586,1.2,37.4,0.1,39.12,42.86,49.31,0.1,25.55,26.35,29.25,30.55,27.23, 
152.023438,3526.451416,24.929186,11.421301,12.903872,10.213279,49.91328,18.211586,1.2,37.4,0.1,39.18,42.93,49.36,0.1,25.59,26.39,29.25,30.55,27.28, 
152.59375,3526.741455,24.929186,11.476211,12.958783,10.213279,49.91328,18.211586,1.2,37.4,0.1,39.24,42.95,49.42,0.1,25.62,26.39,29.29,30.61,27.28, 
153.164062,3518.737061,24.874275,11.421301,12.903872,10.213279,49.91328,18.211586,1.2,37.4,0.1,39.3,43.2,49.47,0.1,25.64,26.42,29.29,30.61,27.32, 
153.742188,3521.393799,24.963713,11.437119,12.866759,10.282411,49.98241,18.186398,1.2,37.4,0.1,39.36,43.9,49.53,0.1,25.67,26.44,29.31,30.67,27.32, 
154.3125,3521.684082,24.963713,11.492105,12.921744,10.282411,49.98241,18.186398,1.2,37.4,0.1,39.42,43.15,49.53,0.1,25.69,26.47,29.36,30.7,27.37, 
154.882812,3529.118652,25.018698,11.492105,12.866759,10.282411,49.98241,18.186398,1.2,37.1,0.1,39.47,43.17,49.58,0.1,25.72,26.47,29.38,30.72,27.37, 
155.460938,3513.958984,24.908726,11.437119,12.921744,10.282411,49.98241,18.186398,1.2,37.1,0.1,39.53,43.24,49.64,0.1,25.73,26.52,29.38,30.76,27.39, 
156.03125,3506.233887,24.853741,11.437119,12.921744,10.282411,49.98241,18.186398,1.2,36.98,0.1,39.59,43.36,49.64,0.1,25.76,26.52,29.42,30.76,27.39, 
156.601562,3506.233887,24.853741,11.437119,12.921744,10.282411,49.98241,18.186398,1.2,36.98,0.1,39.63,43.38,49.69,0.1,25.78,26.56,29.42,30.82,27.42, 
157.171875,3518.737061,24.874275,11.476211,12.903872,10.213279,49.91328,18.211586,1.2,36.95,0.1,39.7,43.44,49.69,0.1,25.81,26.56,29.47,30.85,27.4, 
157.742188,3506.233887,24.853741,11.437119,12.921744,10.282411,49.98241,18.186398,1.2,36.95,0.1,39.74,43.44,49.75,0.1,25.81,26.58,29.47,30.85,27.4, 
158.320312,3513.958984,24.908726,11.437119,12.921744,10.282411,49.98241,18.186398,1.2,36.95,0.1,39.76,43.51,49.75,0.1,25.84,26.58,29.52,30.85,27.38, 
158.890625,3506.233887,24.853741,11.492105,12.921744,10.282411,49.98241,18.186398,1.2,36.92,0.1,39.8,43.51,49.8,0.1,25.87,26.59,29.52,30.85,27.36, 
159.460938,3506.233887,24.853741,11.437119,12.921744,10.282411,49.98241,18.186398,1.2,36.92,0.1,39.82,43.58,49.8,0.1,25.87,26.63,29.52,30.89,27.32, 
160.03125,3505.943604,24.853741,11.437119,12.866759,10.282411,49.98241,18.186398,1.2,36.89,0.1,39.86,43.65,49.86,0.1,25.89,26.6,29.5,30.83,27.32, 
160.601562,3505.943604,24.853741,11.437119,12.866759,10.282411,49.98241,18.186398,1.2,36.89,0.1,39.88,43.65,49.86,0.1,25.92,26.58,29.5,30.83,27.3, 
161.179688,3490.493652,24.743769,11.437119,12.866759,10.282411,49.98241,18.186398,1.2,36.86,0.1,39.83,43.65,49.86,0.1,25.92,26.58,29.5,30.83,27.28, 
161.75,3498.218506,24.798754,11.437119,12.866759,10.282411,49.98241,18.186398,1.2,36.86,0.1,39.85,43.71,49.86,0.1,25.91,26.58,29.5,30.83,27.27, 
162.320312,3498.218506,24.798754,11.382133,12.866759,10.282411,49.98241,18.186398,1.2,36.86,0.1,39.85,43.71,49.91,0.1,25.91,26.55,29.5,30.83,27.24, 
162.890625,3503.598145,24.764456,11.36639,12.958783,10.213279,49.91328,18.211586,1.2,36.83,0.1,39.86,43.77,49.91,0.1,25.88,26.55,29.5,30.81,27.24, 
163.460938,3506.233887,24.853741,11.437119,12.921744,10.282411,49.98241,18.186398,1.2,36.83,0.1,39.88,43.85,49.96,0.1,25.88,26.55,29.5,30.81,27.24, 
164.039062,3495.593994,24.764456,11.421301,12.903873,10.268188,49.968189,18.211586,1.2,36.83,0.1,39.93,43.85,50.2,0.1,25.83,26.55,29.52,30.81,27.25, 
164.609375,3483.058594,24.688782,11.437119,12.921744,10.282411,49.98241,18.186398,1.2,36.83,0.1,39.94,43.92,50.7,0.1,25.83,26.52,29.52,30.81,27.25, 
165.179688,3482.768311,24.688782,11.382133,12.866759,10.282411,49.98241,18.186398,1.2,36.86,0.1,39.96,43.99,50.7,0.1,25.8,26.52,29.49,30.81,27.27, 
165.75,3480.164795,24.599724,11.36639,12.903872,10.213279,49.91328,18.211586,1.2,36.86,0.1,40,43.99,50.13,0.1,25.8,26.5,29.49,30.81,27.29, 
166.328125,3482.768311,24.688782,11.382133,12.866759,10.282411,49.98241,18.186398,1.2,36.86,0.1,40.2,44.7,50.18,0.1,25.77,26.5,29.45,30.85,27.29, 
166.898438,3475.043213,24.633795,11.382133,12.866759,10.282411,49.98241,18.186398,1.2,36.86,0.1,40.4,44.13,50.24,0.1,25.76,26.46,29.45,30.85,27.31, 
167.46875,3483.058594,24.688782,11.382133,12.921744,10.282411,49.98241,18.186398,1.2,36.86,0.1,40.1,44.22,50.29,0.1,25.76,26.46,29.45,30.85,27.28, 
168.046875,3495.59375,24.709545,11.36639,12.903872,10.213279,49.91328,18.211586,1.2,36.86,0.1,40.1,44.22,50.35,0.1,25.76,26.44,29.42,30.83,27.29, 
168.617188,3475.333496,24.633795,11.382133,12.921744,10.282411,49.98241,18.186398,1.2,36.83,0.1,40.1,44.24,50.35,0.1,25.74,26.41,29.44,30.83,27.29, 
169.1875,3475.333496,24.633795,11.437119,12.921744,10.282411,49.98241,18.186398,1.2,36.83,0.1,40.1,44.3,50.4,0.1,25.74,26.41,29.41,30.89,27.31, 
169.757812,3469.575195,24.565744,11.35069,12.886049,10.254005,49.954002,18.236776,1.2,36.83,0.1,40.11,44.3,50.35,0.1,25.71,26.39,29.41,30.87,27.31, 
170.328125,3482.768311,24.688782,11.382133,12.866759,10.282411,49.98241,18.186398,1.2,36.83,0.1,40.16,44.25,50.18,0.1,25.71,26.39,29.43,30.87,27.31, 
170.90625,3488.169189,24.654634,11.36639,12.958783,10.213279,49.91328,18.211586,1.2,36.83,0.1,40.14,44.21,50.7,0.1,25.68,26.39,29.43,30.87,27.31, 
171.476562,3475.043213,24.633795,11.382133,12.866759,10.282411,49.98241,18.186398,1.2,36.83,0.1,40.14,44.11,49.91,0.1,25.68,26.39,29.43,30.87,27.31, 
172.046875,3482.768311,24.688782,11.437119,12.866759,10.282411,49.98241,18.186398,1.2,36.8,0.1,40.17,44.2,49.8,0.1,25.65,26.39,29.43,30.87,27.29, 
172.617188,3467.608643,24.57881,11.382133,12.921744,10.282411,49.98241,18.186398,1.2,36.77,0.1,40.2,43.91,49.69,0.1,25.65,26.41,29.41,30.87,27.27, 
173.195312,3444.143066,24.413851,11.492105,12.866759,10.282411,49.98241,18.186398,1.2,36.73,0.1,40.2,43.88,49.58,0.1,25.65,26.41,29.44,30.85,27.27, 
173.765625,3457.021729,24.434994,11.36639,12.903872,10.213279,49.91328,18.211586,1.2,36.71,0.1,40.2,43.86,49.47,0.1,25.65,26.43,29.45,30.81,27.22, 
174.335938,3467.608643,24.57881,11.382133,12.921744,10.282411,49.98241,18.186398,1.2,36.68,0.1,40.19,43.86,49.47,0.1,25.6,26.42,29.47,30.76,27.2, 
174.90625,3446.990723,24.502773,11.452982,12.884604,10.351733,50.051735,18.161209,1.2,36.65,0.1,40.2,43.88,49.53,0.1,25.6,26.42,29.45,30.7,27.16, 
175.484375,3459.883301,24.523823,11.437119,12.921744,10.282411,49.98241,18.186398,1.2,36.62,0.1,40.17,43.97,49.64,0.1,25.58,26.39,29.45,30.66,27.13, 
176.054688,3452.158447,24.468838,11.382133,12.921744,10.282411,49.98241,18.186398,1.2,36.62,0.1,40.17,44,49.75,0.1,25.54,26.38,29.43,30.64,27.14, 
176.625,3452.158447,24.468838,11.382133,12.921744,10.282411,49.98241,18.186398,1.2,36.62,0.1,40.14,44.15,49.91,0.1,25.52,26.35,29.47,30.63,27.12, 
177.195312,3451.868164,24.468838,11.382133,12.866759,10.282411,49.98241,18.186398,1.2,36.62,0.1,40.7,44.15,50.2,0.1,25.52,26.38,29.53,30.61,27.11, 
177.773438,3459.883301,24.523823,11.382133,12.921744,10.282411,49.98241,18.186398,1.2,36.62,0.1,40.4,44.2,50.18,0.1,25.5,26.39,29.59,30.59,27.1, 
178.34375,3457.311768,24.434994,11.36639,12.958783,10.213279,49.91328,18.211586,1.2,36.62,0.1,39.98,44.45,50.35,0.1,25.45,26.4,29.65,30.57,27.12, 
178.914062,3451.868164,24.468838,11.382133,12.866759,10.282411,49.98241,18.186398,1.2,36.65,0.1,39.95,44.54,50.46,0.1,25.45,26.39,29.68,30.57,27.11, 
179.484375,3449.597412,24.380085,11.36639,12.958783,10.213279,49.91328,18.211586,1.2,36.71,0.1,39.93,44.59,50.57,0.1,25.41,26.43,29.71,30.51,27.11, 
180.054688,3428.692871,24.303879,11.437119,12.866759,10.282411,49.98241,18.186398,1.2,36.73,0.1,39.98,44.55,50.68,0.1,25.41,26.43,29.74,30.51,27.1, 
180.625,3428.983154,24.303879,11.382133,12.921744,10.282411,49.98241,18.186398,1.2,36.77,0.1,40.3,44.55,50.74,0.1,25.41,26.43,29.74,30.53,27.11, 
181.195312,3444.43335,24.413851,11.382133,12.921744,10.282411,49.98241,18.186398,1.2,36.77,0.1,40.5,44.56,50.74,0.1,25.38,26.41,29.73,30.53,27.11, 
181.765625,3433.878662,24.270264,11.311481,12.903872,10.213279,49.91328,18.211586,1.2,36.8,0.1,40.5,44.51,50.68,0.1,25.4,26.42,29.71,30.57,27.1, 
182.335938,3433.878662,24.270264,11.36639,12.903872,10.213279,49.91328,18.211586,1.2,36.83,0.1,40.4,44.51,50.63,0.1,25.4,26.4,29.67,30.58,27.1, 
182.90625,3420.967773,24.248892,11.382133,12.866759,10.282411,49.98241,18.186398,1.2,36.86,0.1,40.4,44.49,50.62,0.1,25.4,26.41,29.66,30.62,27.1, 
183.476562,3436.708496,24.358866,11.382133,12.921744,10.282411,49.98241,18.186398,1.2,36.89,0.1,40.8,44.42,50.57,0.1,25.42,26.39,29.64,30.7,27.1, 
184.046875,3420.967773,24.248892,11.382133,12.866759,10.282411,49.98241,18.186398,1.2,36.92,0.1,40.8,44.42,50.56,200.35,25.42,26.37,29.66,30.7,27.9, 
184.617188,3408.020996,24.227461,11.39792,12.829543,10.351733,50.051735,18.161209,1.2,36.92,0.1,40.17,44.42,50.6,30.36,25.42,26.36,29.64,30.73,27.9, 
185.1875,3425.874268,24.270264,11.36639,12.848963,10.268188,49.968189,18.211586,1.2,36.95,0.1,40.24,44.49,43.68,41.26,25.42,26.36,29.64,30.73,27.7, 
185.765625,3408.020996,24.227461,11.39792,12.829543,10.351733,50.051735,18.161209,1.2,36.95,0.1,40.31,44.58,43.73,41.27,25.45,26.36,29.66,30.77,27.8, 
186.335938,3416.047852,24.282524,11.342857,12.884604,10.351733,50.051735,18.161209,1.2,36.99,0.1,40.38,44.66,43.79,41.29,25.46,26.38,29.66,30.79,27.8, 
186.90625,3413.533203,24.193907,11.382133,12.921744,10.282411,49.98241,18.186398,1.2,36.99,0.1,40.48,44.78,43.85,41.31,25.49,26.38,29.66,30.79,27.11, 
187.484375,3423.353027,24.181906,11.35069,12.886049,10.199171,49.89917,18.236776,1.2,37.2,0.1,40.56,44.78,43.9,41.33,25.51,26.38,29.68,30.84,27.11, 
188.054688,3405.517578,24.13892,11.382133,12.866759,10.282411,49.98241,18.186398,1.2,37.2,0.1,40.58,44.85,43.94,41.33,25.54,26.41,29.69,30.88,27.14, 
188.625,3415.75708,24.282524,11.39792,12.829543,10.351733,50.051735,18.161209,1.2,37.2,0.1,40.49,44.93,50.97,0.1,25.54,26.41,29.69,30.94,27.16, 
189.203125,3405.807861,24.13892,11.382133,12.921744,10.282411,49.98241,18.186398,1.2,37.2,0.1,40.35,44.95,50.97,0.1,25.58,26.44,29.71,30.99,27.19, 
189.773438,3420.967773,24.248892,11.382133,12.866759,10.282411,49.98241,18.186398,1.2,37.2,0.1,40.2,44.95,43.86,40.89,25.63,26.47,29.73,31.5,27.19, 
190.34375,3392.549561,24.117336,11.39792,12.829543,10.351733,50.051735,18.161209,1.2,37.2,0.1,40.4,44.87,50.63,145.47,25.66,26.47,29.73,31.5,27.22, 
190.921875,3400.576172,24.1724,11.39792,12.884604,10.351733,50.051735,18.161209,1.2,37.2,0.1,39.94,44.82,50.7,157.85,25.71,26.5,29.74,31.11,27.25, 
191.492188,3408.020996,24.227461,11.39792,12.829543,10.351733,50.051735,18.161209,1.2,37.5,0.1,39.91,44.82,50.75,171.97,25.71,26.55,29.74,31.13,27.29, 
192.0625,3405.517578,24.13892,11.327147,12.866759,10.282411,49.98241,18.186398,1.2,37.5,0.1,39.86,44.82,50.78,181.18,25.76,26.55,29.79,31.17,27.29, 
192.640625,3400.2854,24.1724,11.39792,12.829543,10.351733,50.051735,18.161209,1.2,37.5,0.1,39.82,44.87,43.86,40.7,25.77,26.59,29.82,31.18,27.34, 
193.210938,3385.104736,24.062275,11.39792,12.884604,10.351733,50.051735,18.161209,1.2,27.48,33.65,39.86,44.83,43.86,40.75,25.8,26.59,29.84,31.24,27.39, 
193.78125,3392.840332,24.117336,11.39792,12.884604,10.351733,50.051735,18.161209,1.2,37.6,0.1,39.95,44.83,43.86,40.75,25.82,26.64,29.87,31.24,27.4, 
194.359375,3405.807861,24.13892,11.382133,12.921744,10.282411,49.98241,18.186398,1.2,37.6,0.1,40.2,44.85,43.91,40.75,25.85,26.69,29.92,31.3,27.45, 
194.929688,3397.792725,24.083935,11.382133,12.866759,10.282411,49.98241,18.186398,1.2,37.6,0.1,40.2,44.92,50.44,111.56,25.87,26.71,29.95,31.3,27.47, 
195.5,3390.35791,24.028948,11.382133,12.921744,10.282411,49.98241,18.186398,1.2,37.6,0.1,39.97,44.92,43.88,40.73,25.89,26.71,29.96,31.32,27.47, 
196.070312,3382.632568,23.973961,11.382133,12.921744,10.282411,49.98241,18.186398,1.2,37.6,0.1,39.94,44.92,43.88,40.73,25.89,26.71,29.96,31.32,27.51, 
196.648438,3374.617432,23.918976,11.327147,12.866759,10.282411,49.98241,18.186398,1.2,37.6,0.1,39.96,44.98,43.95,40.75,25.92,26.72,30,31.37,27.56, 
197.21875,3374.907715,23.918976,11.327147,12.921744,10.282411,49.98241,18.186398,1.2,37.6,0.1,40.2,44.98,44.1,40.82,25.97,26.75,30.1,31.37,27.58, 
197.789062,3369.342285,23.95215,11.342857,12.829543,10.351733,50.051735,18.161209,1.2,37.6,0.1,40.3,45.11,44.9,40.89,25.97,26.77,30.1,31.43,27.62, 
198.359375,3382.342285,23.973961,11.327147,12.866759,10.282411,49.98241,18.186398,1.2,37.6,0.1,40.11,45.18,44.17,41.3,26,26.77,30.6,31.45,27.62, 
198.929688,3366.89209,23.863989,11.327147,12.866759,10.282411,49.98241,18.186398,1.2,37.6,0.1,40.19,45.26,44.31,41.19,26.3,26.77,30.6,31.49,27.62, 
199.507812,3369.426758,23.798065,11.35069,12.886049,10.199171,49.89917,18.236776,1.2,37.5,0.1,40.25,45.41,44.4,41.27,26.5,26.8,30.6,31.49,27.67, 
200.078125,3379.87793,23.885893,11.311481,12.903872,10.213279,49.91328,18.211586,1.2,27.73,34.18,40.37,45.64,44.49,41.45,26.7,26.8,30.6,31.51,27.67, 
200.648438,3374.907715,23.918976,11.382133,12.921744,10.282411,49.98241,18.186398,1.2,27.74,34.25,40.49,45.77,44.58,41.59,26.7,26.82,30.9,31.51,27.67, 
201.21875,3366.89209,23.863989,11.327147,12.866759,10.282411,49.98241,18.186398,1.2,27.76,34.37,40.66,45.86,44.67,41.68,26.1,26.84,30.14,31.51,27.71, 
201.789062,3369.342285,23.95215,11.342857,12.829543,10.351733,50.051735,18.161209,1.2,27.76,34.46,40.83,46.7,44.82,41.9,26.15,26.88,30.17,31.57,27.71, 
202.367188,3359.167236,23.809004,11.327147,12.866759,10.282411,49.98241,18.186398,1.2,27.82,34.54,40.96,46.14,44.97,42.4,26.15,26.88,30.17,31.57,27.76, 
202.9375,3366.89209,23.863989,11.327147,12.866759,10.282411,49.98241,18.186398,1.2,27.9,34.76,41.8,46.29,45.5,42.15,26.2,26.93,30.2,31.59,27.78, 
203.507812,3356.734863,23.721163,11.36639,12.903872,10.213279,49.91328,18.211586,1.2,27.93,34.79,41.19,46.45,45.2,42.29,26.25,26.98,30.23,31.59,27.82, 
204.078125,3351.732422,23.754017,11.327147,12.921744,10.282411,49.98241,18.186398,1.2,27.99,34.83,41.32,46.53,45.27,42.44,26.25,26.98,30.28,31.62,27.82, 
204.648438,3359.167236,23.809004,11.327147,12.866759,10.282411,49.98241,18.186398,1.2,36.9,34.9,41.43,46.6,45.41,42.53,26.25,27.2,30.3,31.68,27.84, 
205.21875,3351.442139,23.754017,11.327147,12.866759,10.282411,49.98241,18.186398,1.2,28.13,35,41.54,46.68,45.48,42.62,26.25,27.2,30.3,31.68,27.86, 
205.789062,3343.717285,23.699032,11.327147,12.866759,10.282411,49.98241,18.186398,1.2,28.13,35.4,41.65,46.76,45.5,42.63,26.26,27.2,30.3,31.68,27.88, 
206.359375,3344.007568,23.699032,11.327147,12.921744,10.282411,49.98241,18.186398,1.2,28.13,35.5,41.72,46.84,45.56,42.71,26.26,27.2,30.3,31.68,27.89, 
206.9375,3338.39917,23.731899,11.342857,12.829543,10.351733,50.051735,18.161209,1.2,28.1,35.8,41.83,46.92,45.62,42.71,26.25,27.4,30.31,31.66,27.88, 
207.5,3351.442139,23.754017,11.327147,12.866759,10.282411,49.98241,18.186398,1.2,28.2,35.8,41.94,46.99,45.69,42.71,26.25,27.4,30.31,31.66,27.86, 
208.070312,3343.717285,23.699032,11.327147,12.866759,10.282411,49.98241,18.186398,1.2,27.98,35.6,41.99,47.5,45.75,42.74,26.25,27.1,30.31,31.66,27.86, 
,,,,,,,,,,,,,,,,,,,, 
,,,,,,,,,,,,,,,,,,,, 
,,,,,,,,,,,,,,,,,,,, 
,,,,,,,,,,,,,,,,,,,, 
,,,,,,,,,,,,,,,,,,,, 
,,,,,,,,,,,,,,,,,,,, 
